"","stockid","tsn","scientificname","commonname","areaid","stocklong","inmyersdb","myersstockid"
"1","COD1",164712,"Gadus morhua","Atlantic cod","multinational-NAFO-1","Atlantic cod West Greenland (NAFO 1)",1,"COD1"
"2","COD2J3KL",164712,"Gadus morhua","Atlantic cod","Canada-DFO-2J3KL","Atlantic cod NAFO 2J3KL",1,"COD2J3KL"
"3","COD2J3KLIS",164712,"Gadus morhua","Atlantic cod","Canada-DFO-2J3KL","Atlantic cod NAFO 2J3KL inshore",0,"NA"
"4","COD3M",164712,"Gadus morhua","Atlantic cod","multinational-NAFO-3M","Atlantic cod NAFO 3M",1,"COD3M"
"5","COD3NO",164712,"Gadus morhua","Atlantic cod","multinational-NAFO-3NO","Atlantic cod NAFO 3NO",1,"COD3NO"
"6","COD3Ps",164712,"Gadus morhua","Atlantic cod","Canada-DFO-3Ps","Atlantic cod NAFO 3Ps",1,"COD3Ps"
"7","COD3Pn4RS",164712,"Gadus morhua","Atlantic cod","Canada-DFO-3Pn4RS","Atlantic cod NAFO 3Pn4RS",1,"COD3Pn4RS"
"8","COD4T",164712,"Gadus morhua","Atlantic cod","Canada-DFO-4T","Atlantic cod NAFO 4T",1,"COD4T"
"9","COD4VsW",164712,"Gadus morhua","Atlantic cod","Canada-DFO-4VsW","Atlantic cod NAFO 4VsW",1,"COD4VsW"
"10","COD4TVn",164712,"Gadus morhua","Atlantic cod","Canada-DFO-4T","Atlantic cod NAFO 4TVn",1,"COD4TVn"
"11","COD4X",164712,"Gadus morhua","Atlantic cod","Canada-DFO-4X","Atlantic cod NAFO 4X",1,"COD4X"
"12","COD5Y",164712,"Gadus morhua","Atlantic cod","USA-NMFS-5Y","Atlantic cod NAFO 5Y",1,"COD5Y"
"13","COD5Z",164712,"Gadus morhua","Atlantic cod","USA-NMFS-5Z","Atlantic cod NAFO 5Z",1,"COD5Z"
"14","COD5Zjm",164712,"Gadus morhua","Atlantic cod","Canada-DFO-5Zjm","Atlantic cod NAFO 5Zjm",0,"NA"
"15","CODNEAR",164712,"Gadus morhua","Atlantic cod","multinational-ICES-I-II","Atlantic cod Northeast Arctic",1,"CODNEAR"
"16","CODBA2224",164712,"Gadus morhua","Atlantic cod","multinational-ICES-22-24","Atlantic cod Baltic Areas 22 and 24",1,"CODBA2224"
"17","CODBA2532",164712,"Gadus morhua","Atlantic cod","multinational-ICES-25-32","Atlantic cod Baltic Areas 25-32",1,"CODBA2532"
"18","CODVIa",164712,"Gadus morhua","Atlantic cod","multinational-ICES-VIa","Atlantic cod West of Scotland",1,"CODVIa"
"19","CODIS",164712,"Gadus morhua","Atlantic cod","multinational-ICES-VIIa","Atlantic cod Irish Sea",1,"CODIS"
"20","CODICE",164712,"Gadus morhua","Atlantic cod","multinational-ICES-Va","Atlantic cod Iceland",1,"CODICE"
"21","CODNS",164712,"Gadus morhua","Atlantic cod","multinational-ICES-IV","Atlantic cod North Sea",1,"CODNS"
"22","CODKAT",164712,"Gadus morhua","Atlantic cod","multinational-ICES-IIIa","Atlantic cod Kattegat",1,"CODKAT"
"23","CODVIId",164712,"Gadus morhua","Atlantic cod","multinational-ICES-VIId","Atlantic cod ICES VIId",1,"CODVIId"
"24","PCODGA",164711,"Gadus macrocephalus","Pacific cod","USA-NMFS-GA","Pacific cod Gulf of Alaska",1,"PCODGA"
"25","PCODHS",164711,"Gadus macrocephalus","Pacific cod","Canada-DFO-HS","Pacific cod Hecate Strait",1,"PCODHS"
"26","PCODWCVANI",164711,"Gadus macrocephalus","Pacific cod","Canada-DFO-WCVANI","Pacific cod West Coast of Vancouver Island",1,"PCOWCVANI"
"27","CHUMMIN",161976,"Oncorhynchus keta","Chum salmon","USA-US State-MIN","Chum salmon Minter Creek, Washington",1,"CHUMMIN"
"28","COHOMIN",161977,"Oncorhynchus kisutch","Coho salmon","USA-US State-MIN","Coho salmon Minter Creek, Washington",1,"COHOMIN"
"29","COHOSHAL",161977,"Oncorhynchus kisutch","Coho salmon","USA-US State-SHAL","Coho salmon Shale Creek, Washington",1,"COHOSHAL"
"30","COHOSKY",161977,"Oncorhynchus kisutch","Coho salmon","USA-US State-SKY","Coho salmon South Fork Skykomish River, Washington",1,"COHOSKY"
"31","COHOSNAH",161977,"Oncorhynchus kisutch","Coho salmon","USA-US State-SNAH","Coho salmon Snahapish Creek, Washington",1,"COHOSNAH"
"32","COHOSNOW",161977,"Oncorhynchus kisutch","Coho salmon","USA-US State-SNOW","Coho salmon Snow Creek, Washington",1,"COHOSNOW"
"33","COHOSPRI",161977,"Oncorhynchus kisutch","Coho salmon","USA-US State-SPRI","Coho salmon Spring Creek, Oregon",1,"COHOSPRI"
"34","COHOTAYU",161977,"Oncorhynchus kisutch","Coho salmon","USA-US State-TAYU","Coho salmon Little Tayuha Creek, Washington",1,"COHOTAYU"
"35","COHOWILD",161977,"Oncorhynchus kisutch","Coho salmon","USA-US State-WILD","Coho salmon Wildcat Creek, Washington",1,"COHOWILD"
"36","REXSOLEGA",172978,"Glyptocephalus zachirus","Rex sole","USA-NMFS-GA","Rex sole Gulf of Alaska",0,"NA"
"37","ARFLOUNDGA",616029,"Atheresthes stomias","Arrowtooth flounder","USA-NMFS-GA","Arrowtooth flounder Gulf of Alaska",0,"NA"
"38","ARFLOUNDEBS",616029,"Atheresthes stomias","Arrowtooth flounder","USA-NMFS-EBS","Arrowtooth flounder Eastern Bering Sea",0,"NA"
"39","FLSOLEGA",172875,"Hippoglossoides elassodon","Flathead sole","USA-NMFS-GA","Flathead sole Gulf of Alaska",0,"NA"
"40","FLSOLEEBS",172875,"Hippoglossoides elassodon","Flathead sole","USA-NMFS-EBS","Flathead sole Eastern Bering Sea",0,"NA"
"41","NRSOLEEBSAI",616392,"Lepidopsetta polyxystra","Northern rock sole","USA-NMFS-EBSAI","Northern rock sole Eastern Bering Sea and Aleutian Islands",0,"NA"
"42","PERCHGA",166707,"Sebastes alutus","Pacific Ocean perch","USA-NMFS-GA","Pacific Ocean perch Gulf of Alaska",1,"PERCHGA"
"43","PERCHEBSAI",166707,"Sebastes alutus","Pacific Ocean perch","USA-NMFS-EBSAI","Pacific Ocean perch Eastern Bering Sea and Aleutian Islands",1,"PERCHALI"
"44","ALPLAEBS",172901,"Pleuronectes quadrituberculatus","Alaska plaice","USA-NMFS-EBS","Alaska plaice Eastern Bering Sea",0,"NA"
"45","NROCKGA",166735,"Sebastes polyspinis","Northern rockfish","USA-NMFS-GA","Northern rockfish Gulf of Alaska",0,"NA"
"46","NROCKEBSAI",166735,"Sebastes polyspinis","Northern rockfish","USA-NMFS-EBSAI","Northern rockfish Eastern Bering Sea and Aleutian Islands",0,"NA"
"47","REYEROCKGA",166706,"Sebastes aleutianus","Rougheye rockfish","USA-NMFS-GA","Rougheye rockfish Gulf of Alaska",0,"NA"
"48","ATKAGA",167120,"Pleurogrammus monopterygius","Atka mackerel","USA-NMFS-GA","Atka mackerel Gulf of Alaska",0,"NA"
"49","ATKAAI",167120,"Pleurogrammus monopterygius","Atka mackerel","USA-NMFS-AI","Atka mackerel Aleutian Islands",1,"ATKAALI"
"50","AMPL5YZ",172877,"Hippoglossoides platessoides","American Plaice","USA-NMFS-5YZ","American Plaice NAFO-5YZ",1,"AMPL5YZ"
"51","AMPL23K",172877,"Hippoglossoides platessoides","American Plaice","multinational-NAFO-23K","American Plaice NAFO-23K",0,"NA"
"52","AMPL3LNO",172877,"Hippoglossoides platessoides","American Plaice","multinational-NAFO-3LNO","American Plaice NAFO-3LNO",1,"AMPL3LNO"
"53","AMPL3M",172877,"Hippoglossoides platessoides","American Plaice","multinational-NAFO-3M","American Plaice NAFO-3M",1,"AMPL3M"
"54","AMPL3Ps",172877,"Hippoglossoides platessoides","American Plaice","Canada-DFO-3Ps","American Plaice NAFO-3Ps",1,"AMPL3Ps"
"55","HAD4X",164744,"Melanogrammus aeglefinus","Haddock","Canada-DFO-4X","Haddock NAFO-4X",1,"HAD4X"
"56","HAD4X5Y",164744,"Melanogrammus aeglefinus","Haddock","Canada-DFO-4X5Y","Haddock NAFO-4X5Y",0,"NA"
"57","HAD5Y",164744,"Melanogrammus aeglefinus","Haddock","USA-NMFS-5Y","Haddock NAFO-5Y",1,"HAD5Y"
"58","HAD5Z",164744,"Melanogrammus aeglefinus","Haddock","multinational-TRAC-5Z","Haddock NAFO-5Z",1,"HAD5Z"
"59","HAD5Zejm",164744,"Melanogrammus aeglefinus","Haddock","Canada-DFO-5Zejm","Haddock NAFO-5Zejm",0,"NA"
"60","HADICE",164744,"Melanogrammus aeglefinus","Haddock","multinational-ICES-Va","Haddock Iceland",1,"HADICE"
"61","YELL5Z",172909,"Limanda ferruginea","Yellowtail Flounder","multinational-TRAC-5Z","Yellowtail Flounder NAFO-5Z",1,"YELL5Z"
"62","YELL3LNO",172909,"Limanda ferruginea","Yellowtail Flounder","multinational-NAFO-3LNO","Yellowtail Flounder NAFO 3LNO",1,"YELL3LNO"
"63","YELLSNEMATL",172909,"Limanda ferruginea","Yellowtail Flounder","USA-NMFS-SNEMATL","Yellowtail Flounder Southern New England-Mid Atlantic",1,"YELLSNE"
"64","POLL5YZ",164727,"Pollachius virens","Pollock","USA-NMFS-5YZ","Pollock NAFO-5YZ",0,"NA"
"65","POLL4VWX5Zc",164727,"Pollachius virens","Pollock","Canada-DFO-4VWX5Zc","Pollock NAFO-4VWX5Zc",0,"NA"
"66","POLL4VWX5",164727,"Pollachius virens","Pollock","Canada-DFO-4VWX5","Pollock NAFO-4VWX5",1,"POLL4VWX5"
"67","WITFLOUN5Y",172873,"Glyptocephalus cynoglossus","Witch Flounder","USA-NMFS-5Y","Witch Flounder NAFO-5Y",0,"NA"
"68","WINFLOUND5Y",172905,"Pseudopleuronectes americanus","Winter Flounder","USA-NMFS-5Y","Winter Flounder NAFO-5Y",0,"NA"
"69","WINFLOUNSNEMATL",172905,"Pseudopleuronectes americanus","Winter Flounder","USA-NMFS-SNEMATL","Winter Flounder Southern New England-Mid Atlantic",0,"NA"
"70","WINFLOUN5Z",172905,"Pseudopleuronectes americanus","Winter Flounder","USA-NMFS-5Z","Winter Flounder NAFO-5Z",0,"NA"
"71","WHAKE5YZ",164732,"Urophycis tenuis","White Hake","USA-NMFS-5YZ","White Hake NAFO-5YZ",0,"NA"
"72","WINDOW5YZ",172746,"Scophthalmus aquosus","Windowpane","USA-NMFS-5YZ","Windowpane NAFO-5YZ",0,"NA"
"73","WINDOWSNEMATL",172746,"Scophthalmus aquosus","Windowpane","USA-NMFS-SNEMATL","Windowpane Southern New England-Mid Atlantic",0,"NA"
"74","ACADRED5YZ",166774,"Sebastes fasciatus","Acadian Redfish","USA-NMFS-5YZ","Acadian Redfish NAFO-5YZ",0,"NA"
"75","ATHAL5YZ",172933,"Hippoglossus hippoglossus","Atlantic Halibut","USA-NMFS-5YZ","Atlantic Halibut NAFO-5YZ",0,"NA"
"76","CAPENOR",162035,"Mallotus villosus","Capelin","multinational-ICES-I","Capelin Barents Sea",1,"NA"
"77","CAPEICE",162035,"Mallotus villosus","Capelin","multinational-ICES-Va","Capelin Iceland",1,"CAPEICE"
"78","CODFAPL",164712,"Gadus morhua","Atlantic cod","multinational-ICES-Vb1","Atlantic cod Faroe Plateau",1,"NA"
"79","CODCOASTNOR",164712,"Gadus morhua","Atlantic cod","multinational-ICES-I-II","Atlantic cod coastal Norway",1,"NA"
"80","GHALNEAR",172930,"Reinhardtius hippoglossoides","Greenland halibut","multinational-ICES-I-II","Greenland halibut Northeast Arctic",1,"GHALNEAR"
"81","POLLNEAR",164727,"Pollachius virens","Pollock","multinational-ICES-I-II","Pollock Northeast Arctic",1,"POLLNEAR"
"82","POLLFAPL",164727,"Pollachius virens","Pollock","multinational-ICES-Vb1","Pollock Faroe Plateau",1,"POLLFA"
"83","HADNEAR",164744,"Melanogrammus aeglefinus","Haddock","multinational-ICES-I-II","Haddock Northeast Arctic",1,"HADNEAR"
"84","REDDEEPI-II",166756,"Sebastes mentella","Deepwater Redfish","multinational-ICES-I-II","Deepwater Redfish Northeast Arctic",1,"REDI\_II"
"85","HADFAPL",164744,"Melanogrammus aeglefinus","Haddock","multinational-ICES-Vb1","Haddock Faroe Plateau",1,"HADFAPL"
"86","HADNS-IIIa",164744,"Melanogrammus aeglefinus","Haddock","multinational-ICES-IIIa-IV","Haddock ICES IIIa and North Sea",1,"HADNS"
"87","HADVIa",164744,"Melanogrammus aeglefinus","Haddock","multinational-ICES-VIa","Haddock West of Scotland",1,"HADVIa"
"88","HADVIIb-k",164744,"Melanogrammus aeglefinus","Haddock","multinational-ICES-VIIb-k","Haddock ICES VIIb-k",0,"NA"
"89","HADROCK",164744,"Melanogrammus aeglefinus","Haddock","multinational-ICES-VIb","Haddock Rockall Bank",1,"HADROCK"
"90","HADIS",164744,"Melanogrammus aeglefinus","Haddock","multinational-ICES-VIIa","Haddock Irish Sea",1,"HADIS"
"91","GOLDREDNEAR",166781,"Sebastes norvegicus","Golden Redfish","multinational-ICES-I-II","Golden Redfish Northeast Arctic",0,"NA"
"92","LOBSTERRI",97314,"Homarus americanus","American lobster","USA-US State-RI","American lobster Rhode Island",0,"NA"
"93","TAUTOGRI",170479,"Tautoga onitis","Tautog","USA-US State-RI","Tautog Rhode Island",0,"NA"
"94","WINFLOUNDRI",172905,"Pseudopleuronectes americanus","Winter flounder","USA-US State-RI","Winter flounder Rhode Island",0,"NA"
"95","SEELNS",171677,"Ammodytes marinus","Sand lance","multinational-ICES-IV","Sandeel North Sea",0,"NA"
"96","SEELNNS",171677,"Ammodytes marinus","Sand lance","multinational-ICES-IVa","Sandeel Northern North Sea",0,"NA"
"97","SEELSNS",171677,"Ammodytes marinus","Sand lance","multinational-ICES-IVc","Sandeel Southern North Sea",0,"NA"
"98","NPOUTNS",164756,"Trisopterus esmarkii","Norway pout","multinational-ICES-IV","Norway pout North Sea",1,"NPOUTNS"
"99","HERRIsum",161722,"Clupea harengus","Herring","multinational-ICES-Va","Herring Iceland (Summer spawners)",1,"HERRIsum"
"100","HERRNS",161722,"Clupea harengus","Herring","multinational-ICES-IV","Herring North Sea",1,"HERRNS"
"101","HERRVIa",161722,"Clupea harengus","Herring","multinational-ICES-VIa","Herring ICES VIa",1,"HERRVIa"
"102","HERRVIaVIIbc",161722,"Clupea harengus","Herring","multinational-ICES-VIa-VIIb-VIIc","Herring ICES VIa-VIIb-VIIc",1,"HERRVIaVIIbc"
"103","HERR2224IIIa",161722,"Clupea harengus","Herring","multinational-ICES-22-24-IIIa","Herring ICES 22-24-IIIa",0,"NA"
"104","HERR2532",161722,"Clupea harengus","Herring","multinational-ICES-25-32","Herring ICES 25-32",0,"NA"
"105","HERR30",161722,"Clupea harengus","Herring","multinational-ICES-30","Herring ICES 30",0,"NA"
"106","HERRRIGA",161722,"Clupea harengus","Herring","multinational-ICES-28","Herring ICES 28",0,"NA"
"107","HERRNIRS",161722,"Clupea harengus","Herring","multinational-ICES-VIIa","Herring Northern Irish Sea",1,"HERRNIRS"
"108","PLAIC7d",172902,"Pleuronectes platessa","European Plaice","multinational-ICES-VIId","European Plaice ICES VIId",1,"PLAIC7d"
"109","PLAICIIIa",172902,"Pleuronectes platessa","European Plaice","multinational-ICES-IIIa","European Plaice ICES IIIa",1,"PLAICIIIa"
"110","PLAICNS",172902,"Pleuronectes platessa","European Plaice","multinational-ICES-IV","European Plaice North Sea",1,"PLAICNS"
"111","PLAICIS",172902,"Pleuronectes platessa","European Plaice","multinational-ICES-VIIa","European Plaice Irish Sea",1,"PLAICIS"
"112","PLAICECHW",172902,"Pleuronectes platessa","European Plaice","multinational-ICES-VIIe","European Plaice ICES VIIe",0,"NA"
"113","SOLENS",173001,"Solea vulgaris","common European sole","multinational-ICES-IV","common European sole North Sea",1,"SOLENS"
"114","SOLEVIId",173001,"Solea vulgaris","common European sole","multinational-ICES-VIId","common European sole ICES VIId",1,"SOLEVIId"
"115","SOLEIS",173001,"Solea vulgaris","common European sole","multinational-ICES-VIIa","common European sole Irish Sea",1,"SOLEIS"
"116","SOLEIIIa",173001,"Solea vulgaris","common European sole","multinational-ICES-IIIa","common European sole ICES Kattegat and Skagerrak",1,"SOLEIIIa"
"117","SOLEVIIe",173001,"Solea vulgaris","common European sole","multinational-ICES-VIIe","common European sole Western English Channel",1,"SOLEVIIe"
"118","SOLECS",173001,"Solea vulgaris","common European sole","multinational-ICES-VIIf-g","common European sole Celtic Sea",1,"SOLECS"
"119","BTIPSHARATL",160318,"Carcharhinus limbatus","Blacktip shark","USA-NMFS-ATL","Blacktip shark Atlantic",0,"NA"
"120","SOLEVIII",173001,"Solea vulgaris","common European sole","multinational-ICES-VIII","common European sole Bay of Biscay",1,"SOLEVIII"
"121","WHITNS-VIId-IIIa",164758,"Merlangius merlangus","Whiting","multinational-ICES-IIIa-IV-VIId","Whiting ICES IIIa, VIId and North Sea",0,"NA"
"122","WHITVIa",164758,"Merlangius merlangus","Whiting","multinational-ICES-VIa","Whiting ICES VIa",1,"WHITVIa"
"123","WHITVIIek",164758,"Merlangius merlangus","Whiting","multinational-ICES-VIIe-k","Whiting ICES VIIe-k",0,"NA"
"124","SPRATNS",161789,"Sprattus sprattus","Sprat","multinational-ICES-IV","Sprat North Sea",0,"NA"
"125","SPRAT22-32",161789,"Sprattus sprattus","Sprat","multinational-ICES-22-32","Sprat ICES Baltic Areas 22-32",1,"SPRAT22-32"
"126","ALBANPAC",172419,"Thunnus alalunga","Albacore tuna","USA-NMFS-NPAC","Albacore tuna North Pacific",0,"NA"
"127","ALBASPAC",172419,"Thunnus alalunga","Albacore tuna","multinational-WCPFC-SPAC","Albacore tuna South Pacific Ocean",1,"ALBASPAC"
"128","CROCKPCOAST",166734,"Sebastes pinniger","Canary rockfish","USA-NMFS-PCOAST","Canary rockfish Pacific Coast",0,"NA"
"129","ESOLEPCOAST",172921,"Parophrys vetulus","English sole","USA-NMFS-PCOAST","English sole Pacific Coast",0,"NA"
"130","ARFLOUNDPCOAST",616029,"Reinhardtius stomias","Arrowtooth flounder","USA-NMFS-PCOAST","Arrowtooth flounder Pacific Coast",0,"NA"
"131","BLACKROCKNPCOAST",166727,"Sebastes melanops","Black rockfish","USA-NMFS-NPCOAST","Black rockfish Northern Pacific Coast",0,"NA"
"132","BLUEROCKCAL",166730,"Sebastes mystinus","Blue rockfish","USA-NMFS-CAL","Blue rockfish California",0,"NA"
"133","CHILISPCOAST",166722,"Sebastes goodei","Chilipepper","USA-NMFS-SPCOAST","Chilipepper Southern Pacific Coast",1,"CHILIPEPPER"
"134","COWCODSCAL",166754,"Sebastes levis","Cowcod","USA-NMFS-SCAL","Cowcod Southern California",0,"NA"
"135","LNOSESKAPCOAST",160851,"Raja rhina","Longnose skate","USA-NMFS-PCOAST","Longnose skate Pacific Coast",0,"NA"
"136","SABLEFPCOAST",167123,"Anoplopoma fimbria","Sablefish","USA-NMFS-PCOAST","Sablefish Pacific Coast",1,"SABLEFUSA"
"137","YEYEROCKPCOAST",166740,"Sebastes ruberrimus","Yelloweye rockfish","USA-NMFS-PCOAST","Yelloweye rockfish Pacific Coast",0,"NA"
"138","DKROCKPCOAST",166715,"Sebastes crameri","Darkblotched rockfish","USA-NMFS-PCOAST","Darkblotched rockfish Pacific Coast",0,"NA"
"139","BLACKROCKSPCOAST",166727,"Sebastes melanops","Black rockfish","USA-NMFS-SPCOAST","Black rockfish Southern Pacific Coast",0,"NA"
"140","BOCACCSPCOAST",166733,"Sebastes paucispinis","Bocaccio","USA-NMFS-SPCOAST","Bocaccio Southern Pacific Coast",1,"BOCAEURCON"
"141","WROCKPCOAST",166719,"Sebastes entomelas","Widow rockfish","USA-NMFS-PCOAST","Widow rockfish Pacific Coast",0,"NA"
"142","POPERCHPCOAST",166707,"Sebastes alutus","Pacific ocean perch","USA-NMFS-PCOAST","Pacific ocean perch Pacific Coast",1,"PERCHWUS"
"143","SBELLYROCKPCOAST",166725,"Sebastes jordani","Shortbelly rockfish","USA-NMFS-PCOAST","Shortbelly rockfish Pacific Coast",0,"NA"
"144","PHAKEPCOAST",164792,"Merluccius productus","Pacific hake","USA-NMFS-PCOAST","Pacific hake Pacific Coast",1,"PHAKEVANCON"
"145","CODGB",164712,"Gadus morhua","Atlantic cod","USA-NMFS-5Z","Atlantic cod Georges Bank",1,"COD5Z"
"146","HADGB",164744,"Melanogrammus aeglefinus","Haddock","USA-NMFS-5Z","Haddock Georges Bank",1,"HAD5Z"
"147","YELLGB",172909,"Limanda ferruginea","Yellowtail flounder","USA-NMFS-5Z","Yellowtail flounder Georges Bank",1,"YELL5Z"
"148","YELLCCODGOM",172909,"Limanda ferruginea","Yellowtail flounder","USA-NMFS-CCOD5Y","Yellowtail flounder Cape Cod / Gulf of Maine",0,"NA"
"149","CODGOM",164712,"Gadus morhua","Atlantic cod","USA-NMFS-5Y","Atlantic cod Gulf of Maine",0,"NA"
"150","WITFLOUNNWATLC",172873,"Glyptocephalus cynoglossus","Witch flounder","USA-NMFS-NWATLC","Witch flounder Northwestern Atlantic Coast",0,"NA"
"151","AMPLGOMGB",172877,"Hippoglossoides platessoides","American plaice","USA-NMFS-5YZ","American plaice Gulf of Maine / Georges Bank",1,"AMPL5YZ"
"152","WINFLOUNGOM",172905,"Pseudopleuronectes americanus","Winter flounder","USA-NMFS-5Y","Winter flounder Gulf of Maine",0,"NA"
"153","WHAKEGBGOM",164732,"Urophycis tenuis","White hake","USA-NMFS-5YZ","White hake Georges Bank / Gulf of Maine",0,"NA"
"154","POLLGBGOM",164727,"Pollachius virens","Pollock","USA-NMFS-5YZ","Pollock Georges Bank / Gulf of Maine",0,"NA"
"155","ACADREDGOMGB",166774,"Sebastes fasciatus","Acadian redfish","USA-NMFS-5YZ","Acadian redfish Gulf of Maine / Georges Bank",0,"NA"
"156","OPOUTNWATLC",630979,"Zoarces americanus","Ocean pout","USA-NMFS-NWATLC","Ocean pout Northwestern Atlantic Coast",0,"NA"
"157","WINDOWGOMGB",172746,"Scophthalmus aquosus","Windowpane","USA-NMFS-5YZ","Windowpane flounder - Gulf of Maine / Georges Bank",0,"NA"
"158","WINDOWSNEMATLB",172746,"Scophthalmus aquosus","Windowpane","USA-NMFS-SNEMATLB","Windowpane flounder Southern New England / Mid-Atlantic Bight",0,"NA"
"159","HADGOM",164744,"Melanogrammus aeglefinus","Haddock","USA-NMFS-5Y","Haddock Gulf of Maine",0,"NA"
"160","ATHALNWATLC",172933,"Hippoglossus hippoglossus","Atlantic Halibut","USA-NMFS-NWATLC","Atlantic halibut Northwestern Atlantic Coast",0,"NA"
"161","SFLOUNMATLC",172735,"Paralichthys dentatus","Summer flounder","USA-NMFS-MATLC","Summer flounder Mid-Atlantic Coast",1,"SFLOUNDMAB"
"162","MONK2J3KLNOPs",164499,"Lophius americanus","Monkfish","Canada-DFO-2J3KLNOPs","Monkfish Labrador Shelf - Grand Banks - St. Pierre Bank",0,"NA"
"163","STRIPEDBASSGOMCHATT",167680,"Morone saxatilis","Striped bass","USA-NMFS-5YCHATT","Striped bass Gulf of Maine / Cape Hatteras",1,"STRIPEDBASSUSA"
"164","PANDALNWATLC",96967,"Pandalus borealis","Northern shrimp","USA-NMFS-NWATLC","Northern shrimp Northwestern Atlantic Coast",0,"NA"
"165","SCALLNWATLC",79718,"Placopecten magellanicus","Sea scallop","USA-NMFS-NWATLC","Sea scallop Northwestern Atlantic Coast",0,"NA"
"166","QUAHATLC",81343,"Arctica islandica","Ocean quahog","USA-NMFS-ATLC","Ocean quahog Atlantic Coast",0,"NA"
"167","SURFMATLC",80944,"Spisula solidissima","Atlantic surfclam","USA-NMFS-MATLC","Atlantic surfclam Mid-Atlantic Coast",0,"NA"
"168","SDOGATLC",160617,"Squalus acanthias","Spiny dogfish","USA-NMFS-ATLC","Spiny dogfish Atlantic Coast",1,"SDOGNWATL"
"169","BSBASSMATLC",167687,"Centropristis striata","Black sea bass","USA-NMFS-MATLC","Black sea bass Mid-Atlantic Coast",0,"NA"
"170","RDEEPCRABNWATL",620992,"Chaceon quinquedens","Red deepsea crab","USA-NMFS-NWATL","Red deepsea crab Northwestern Atlantic",0,"NA"
"171","SHAKEGOMNGB",164791,"Merluccius bilinearis","Silver Hake","USA-NMFS-5YZ","Silver hake Gulf of Maine / Northern Georges Bank",0,"NA"
"172","MACKGOMCHATT",172414,"Scomber scombrus","Mackerel","USA-NMFS-5YCHATT","Atlantic mackerel Gulf of Maine / Cape Hatteras",1,"MACK2-6"
"173","ILLEXNWATLC",82521,"Illex illecebrosus","Northern shortfin squid","USA-NMFS-NWATLC","Northern shortfin squid Northwestern Atlantic Coast",0,"NA"
"174","BLUEFISHATLC",168559,"Pomatomus saltatrix","Bluefish","USA-NMFS-ATLC","Bluefish Atlantic Coast",0,"NA"
"175","TILEMATLC",168546,"Lopholatilus chamaeleonticeps","Tilefish","USA-NMFS-MATLC","Tilefish Mid-Atlantic Coast",0,"NA"
"176","DUSKYSHARATL",160268,"Carcharhinus obscurus","Dusky shark","USA-NMFS-ATL","Dusky shark Atlantic",0,"NA"
"177","BUTTERGOMCHATT",172567,"Peprilus triacanthus","Atlantic butterfish","USA-NMFS-5YCHATT","Atlantic butterfish Gulf of Maine / Cape Hatteras",1,"BUTTER56"
"178","SCUPNWATLC",169182,"Stenotomus chrysops","Scup","USA-NMFS-NWATLC","Scup Atlantic Coast",1,"SCUP"
"179","WINFLOUNGB",172905,"Pseudopleuronectes americanus","Winter flounder","USA-NMFS-5Z","Winter flounder Georges Bank",0,"NA"
"180","HERRNWATLC",161722,"Clupea harengus","Herring","USA-NMFS-NWATLC","Atlantic herring Northwestern Atlantic Coast",0,"NA"
"181","RSNAPEGM",168853,"Lutjanus campechanus","Red snapper","USA-NMFS-EGM","Red snapper Eastern Gulf of Mexico",0,"NA"
"182","RSNAPWGM",168853,"Lutjanus campechanus","Red snapper","USA-NMFS-WGM","Red snapper Western Gulf of Mexico",0,"NA"
"183","BRNROCKSHRIMPSATLC",96028,"Sicyonia brevirostris","Brown rock shrimp","USA-NMFS-SATLC","Brown rock shrimp Southern Atlantic Coast",0,"NA"
"184","SABLEFEBSAIGA",167123,"Anoplopoma fimbria","Sablefish","USA-NMFS-EBSAIGA","Sablefish Eastern Bering Sea / Aleutian Islands / Gulf of Alaska",0,"NA"
"185","PCODBSAI",164711,"Gadus macrocephalus","Pacific cod","USA-NMFS-BSAI","Pacific cod Bering Sea and Aleutian Islands",0,"NA"
"186","YSOLEBSAI",172907,"Limanda aspera","Yellowfin sole","USA-NMFS-BSAI","Yellowfin sole Bering Sea and Aleutian Islands",0,"NA"
"187","NRSOLEBSAI",616392,"Lepidopsetta polyxystra","Northern rock sole","USA-NMFS-BSAI","Northern rock sole Bering Sea and Aleutian Islands",0,"NA"
"188","ARFLOUNDBSAI",616029,"Reinhardtius stomias","Arrowtooth flounder","USA-NMFS-BSAI","Arrowtooth flounder Bering Sea and Aleutian Islands",0,"NA"
"189","ALPLAICBSAI",172901,"Pleuronectes quadrituberculatus","Alaska plaice","USA-NMFS-BSAI","Alaska plaice Bering Sea and Aleutian Islands",0,"NA"
"190","NROCKBSAI",166735,"Sebastes polyspinis","Northern rockfish","USA-NMFS-BSAI","Northern rockfish Bering Sea and Aleutian Islands",0,"NA"
"191","POPERCHBSAI",166707,"Sebastes alutus","Pacific ocean perch","USA-NMFS-BSAI","Pacific ocean perch Bering Sea and Aleutian Islands",0,"NA"
"192","REYEROCKBSAI",166706,"Sebastes aleutianus","Rougheye rockfish","USA-NMFS-BSAI","Rougheye rockfish Bering Sea and Aleutian Islands",0,"NA"
"193","ATKABSAI",167120,"Pleurogrammus monopterygius","Atka mackerel","USA-NMFS-BSAI","Atka mackerel Bering Sea and Aleutian Islands",0,"NA"
"194","FLSOLEBSAI",172875,"Hippoglossoides elassodon","Flathead sole","USA-NMFS-BSAI","Flathead sole Bering Sea and Aleutian Islands",0,"NA"
"195","WPOLLAI",164722,"Theragra chalcogramma","Walleye pollock","USA-NMFS-AI","Walleye pollock Aleutian Islands",0,"NA"
"196","WPOLLEBS",164722,"Theragra chalcogramma","Walleye pollock","USA-NMFS-EBS","Walleye pollock Eastern Bering Sea",1,"WPOLLEBS"
"197","GHALBSAI",172930,"Reinhardtius hippoglossoides","Greenland halibut","USA-NMFS-BSAI","Greenland turbot Bering Sea and Aleutian Islands",1,"GHALEBS"
"198","BKINGCRABSMI",97936,"Paralithodes platypus","Blue king crab","USA-NMFS-SMI","Blue king crab Saint Matthews Island",0,"NA"
"199","BKINGCRABPI",97936,"Paralithodes platypus","Blue king crab","USA-NMFS-PI","Blue king crab Pribilof Islands",0,"NA"
"200","RKCRABBB",97935,"Paralithodes camtschaticus","Red king crab","USA-NMFS-BB","Red king crab Bristol Bay",1,"RKCRABBRIS"
"201","SNOWCRABBS",98428,"Chionoecetes opilio","Snow crab","USA-NMFS-BS","Snow crab Bering Sea",0,"NA"
"202","POPERCHGA",166707,"Sebastes alutus","Pacific ocean perch","USA-NMFS-GA","Pacific ocean perch Gulf of Alaska",1,"PERCHGA"
"203","DUSKYROCKGA",166714,"Sebastes ciliatus","Dusky rockfish","USA-NMFS-GA","Dusky rockfish Gulf of Alaska",0,"NA"
"204","DSOLEGA",172887,"Microstomus pacificus","Dover sole","USA-NMFS-GA","Dover sole Gulf of Alaska",0,"NA"
"205","WPOLLGA",164722,"Theragra chalcogramma","Walleye pollock","USA-NMFS-GA","Walleye pollock Gulf of Alaska",1,"WPOLLGA"
"206","SPANMACKSATLC",172436,"Scomberomorus maculatus","Spanish mackerel","USA-NMFS-SATLC","Spanish mackerel Southern Atlantic Coast",0,"NA"
"207","SPANMACKGM",172436,"Scomberomorus maculatus","Spanish mackerel","USA-NMFS-GM","Spanish mackerel Gulf of Mexico",0,"NA"
"208","KMACKSATLC",172435,"Scomberomorus cavalla","King Mackerel","USA-NMFS-SATLC","King mackerel Southern Atlantic Coast",0,"NA"
"209","KMACKGM",172435,"Scomberomorus cavalla","King Mackerel","USA-NMFS-GM","King mackerel Gulf of Mexico",0,"NA"
"210","GAGGM",167759,"Mycteroperca microlepis","Gag","USA-NMFS-GM","Gag Gulf of Mexico",0,"NA"
"211","GTRIGGM",173138,"Balistes capriscus","Gray triggerfish","USA-NMFS-GM","Gray triggerfish Gulf of Mexico",0,"NA"
"212","VSNAPGM",168909,"Rhomboplites aurorubens","Vermilion snapper","USA-NMFS-GM","Vermilion snapper Gulf of Mexico",0,"NA"
"213","GRAMBERGM",168689,"Seriola dumerili","Greater amberjack","USA-NMFS-GM","Greater amberjack Gulf of Mexico",0,"NA"
"214","BRNSHRIMPGM",551570,"Farfantepenaeus aztecus","Brown shrimp","USA-NMFS-GM","Brown shrimp Gulf of Mexico",0,"NA"
"215","WSHRIMPGM",551680,"Litopenaeus setiferus","White shrimp","USA-NMFS-GM","White shrimp Gulf of Mexico",0,"NA"
"216","PINKSHRIMPGM",551574,"Farfantepenaeus duorarum","Pink shrimp","USA-NMFS-GM","Pink shrimp Gulf of Mexico",0,"NA"
"217","ROYALRSHRIMPGM",95966,"Pleoticus robustus","Royal red shrimp","USA-NMFS-GM","Royal red shrimp Gulf of Mexico",0,"NA"
"218","SNOSESHARATL",160200,"Rhizoprionodon terraenovae","Atlantic sharpnose shark","USA-NMFS-ATL","Atlantic sharpnose shark Atlantic",0,"NA"
"219","BNOSESHARATL",160304,"Carcharhinus acronotus","Blacknose shark","USA-NMFS-ATL","Blacknose shark Atlantic",0,"NA"
"220","BHEADSHARATL",160502,"Sphyrna tiburo","Bonnethead shark","USA-NMFS-ATL","Bonnethead shark Atlantic",0,"NA"
"221","FTOOTHSHARATL",160409,"Carcharhinus isodon","Finetooth shark","USA-NMFS-ATL","Finetooth shark Atlantic",0,"NA"
"222","SBARSHARATL",160289,"Carcharhinus plumbeus","Sandbar shark","USA-NMFS-ATL","Sandbar shark Atlantic",0,"NA"
"223","BRNSHRIMPSATLC",551570,"Farfantepenaeus aztecus","Brown shrimp","USA-NMFS-SATLC","Brown shrimp Southern Atlantic Coast",0,"NA"
"224","WSHRIMPSATLC",551680,"Litopenaeus setiferus","White shrimp","USA-NMFS-SATLC","White shrimp Southern Atlantic Coast",0,"NA"
"225","PINKSHRIMPSATLC",551574,"Farfantepenaeus duorarum","Pink shrimp","USA-NMFS-SATLC","Pink shrimp Southern Atlantic Coast",0,"NA"
"226","RPORGYSATLC",169207,"Pagrus pagrus","Red porgy","USA-NMFS-SATLC","Red porgy Southern Atlantic coast",0,"NA"
"227","VSNAPSATLC",168909,"Rhomboplites aurorubens","Vermilion snapper","USA-NMFS-SATLC","Vermilion snapper Southern Atlantic coast",0,"NA"
"228","SNOWGROUPSATLC",167705,"Epinephelus niveatus","Snowy grouper","USA-NMFS-SATLC","Snowy grouper Southern Atlantic coast",0,"NA"
"229","TILESATLC",168546,"Lopholatilus chamaeleonticeps","Tilefish","USA-NMFS-SATLC","Tilefish Southern Atlantic coast",0,"NA"
"230","GAGSATLC",167759,"Mycteroperca microlepis","Gag","USA-NMFS-SATLC","Gag Southern Atlantic coast",0,"NA"
"231","RSNAPSATLC",168853,"Lutjanus campechanus","Red snapper","USA-NMFS-SATLC","Red snapper Southern Atlantic coast",0,"NA"
"232","GRAMBERSATLC",168689,"Seriola dumerili","Greater amberjack","USA-NMFS-SATLC","Greater amberjack Southern Atlantic coast",0,"NA"
"233","YFINATL",172423,"Thunnus albacares","Yellowfin tuna","USA-NMFS-ATL","Yellowfin tuna Atlantic",0,"NA"
"234","BIGEYEATL",172428,"Thunnus obesus","Bigeye tuna","USA-NMFS-ATL","Bigeye tuna Atlantic",1,"BIGEYEATLANTIC"
"235","BIGEYEEPAC",172428,"Thunnus obesus","Bigeye tuna","multinational-IATTC-EPAC","Bigeye tuna Eastern Pacific",1,"BIGEYEEPACIFIC"
"236","BIGEYEWPO",172428,"Thunnus obesus","Bigeye tuna","multinational-SPC-WPO","Bigeye tuna Western Pacific Ocean",0,"NA"
"237","CMACKPCOAST",172412,"Scomber japonicus","Pacific chub mackerel","USA-NMFS-PCOAST","Pacific chub mackerel Pacific Coast",0,"NA"
"238","BTIPSHARSATL",160318,"Carcharhinus limbatus","Blacktip shark","USA-NMFS-SATL","Blacktip shark South Atlantic",0,"NA"
"239","SWORDMED",172482,"Xiphias gladius","Swordfish","multinational-ICCAT-MED","Swordfish Mediterranean Sea",0,"NA"
"240","SARDPCOAST",161729,"Sardinops sagax","Pacific sardine","USA-NMFS-PCOAST","Pacific sardine Pacific Coast",0,"NA"
"241","SRAKEROCKBSAI",166712,"Sebastes borealis","Shortraker rockfish","USA-NMFS-BSAI","Shortraker rockfish Bering Sea and Aleutian Islands",0,"NA"
"242","YFINCWPAC",172423,"Thunnus albacares","Yellowfin tuna","USA-NMFS-CWPAC","Yellowfin tuna Central Western Pacific",0,"NA"
"243","YFINEPAC",172423,"Thunnus albacares","Yellowfin tuna","multinational-IATTC-NEPAC","Yellowfin tuna Eastern Pacific",1,"YFINNEPAC"
"244","BSBASSSATLC",167687,"Centropristis striata","Black seabass","USA-NMFS-SATLC","Black seabass Southern Atlantic coast",0,"NA"
"245","HERRWCVANI",551209,"Clupea pallasii","Pacific herring","Canada-DFO-WCVANI","Pacific herring West Coast of Vancouver Island",0,"NA"
"246","HERRQCI",551209,"Clupea pallasii","Pacific herring","Canada-DFO-QCI","Pacific herring Queen Charlotte Islands",0,"NA"
"247","HERRCC",551209,"Clupea pallasii","Pacific herring","Canada-DFO-CC","Pacific herring Central Coast",0,"NA"
"248","HERRSOG",551209,"Clupea pallasii","Pacific herring","Canada-DFO-SOG","Pacific herring Straight of Georgia",0,"NA"
"249","HERR4VWX",161722,"Clupea harengus","Herring","Canada-DFO-4VWX","Herring Scotian Shelf and Bay of Fundy",0,"NA"
"250","HERR4RFA",161722,"Clupea harengus","Herring","Canada-DFO-4R","Herring NAFO 4R fall spawners",0,"NA"
"251","HERR4RSP",161722,"Clupea harengus","Herring","Canada-DFO-4R","Herring NAFO 4R spring spawners",0,"NA"
"252","HERR4TFA",161722,"Clupea harengus","Herring","Canada-DFO-4T","Herring NAFO 4T fall spawners",0,"NA"
"253","HERR4TSP",161722,"Clupea harengus","Herring","Canada-DFO-4T","Herring NAFO 4T spring spawners",0,"NA"
"254","GHAL01ABCDEF",172930,"Reinhardtius hippoglossoides","Greenland halibut","multinational-NAFO-01ABCDEF","Greenland halibut NAFO 01ABCDEF",0,"NA"
"255","GHAL23KLMNO",172930,"Reinhardtius hippoglossoides","Greenland halibut","multinational-NAFO-23KLMNO","Greenland halibut NAFO 23KLMNO",1,"GHALNAFO23"
"256","GHAL4RST",172930,"Reinhardtius hippoglossoides","Greenland halibut","Canada-DFO-4RST","Greenland halibut NAFO 4RST",0,"NA"
"257","HOKIENZ",623193,"Macruronus novaezelandiae","Hoki","New Zealand-MFish-ENZ","Hoki Eastern New Zealand",0,"NA"
"258","HOKIWNZ",623193,"Macruronus novaezelandiae","Hoki","New Zealand-MFish-WNZ","Hoki Western New Zealand",0,"NA"
"259","BTROHUNT",162003,"Salvelinus fontinalis","Freshwater brook trout","USA-US State-HUNT","Freshwater brook trout Hunt Creek Michigan",1,"BTROHUNT"
"260","WHITBLACKW",164758,"Merlangius merlangus","Whiting","multinational-GFCMED-BLACKW","Whiting Western Black Sea",1,"WHITBLACKW"
"261","YPERKAB",168469,"Perca flavescens","Yellow perch","USA-US State-KAB","Yellow perch Kabegogama Lake, Minnesota",1,"YPERKAB"
"262","SKJCWPAC",172401,"Katsuwonus pelamis","Skipjack tuna","USA-NMFS-CWPAC","Skipjack tuna Central Western Pacific",0,"NA"
"263","HAKESOTH",164795,"Merluccius merluccius","Hake","multinational-ICES-VIIIc-IXa","Hake Northeast Atlantic South",0,"NA"
"264","ANCHOBAYB",161831,"Engraulis encrasicolus","Anchovy","multinational-ICES-VIII","Anchovy ICES VIII",1,"ANCHOBAYB"
"265","MACKNEICES",172414,"Scomber scombrus","Mackerel","multinational-ICES-IIa-IIIabd-IV-Vb-VI-VII-VIIIabcde-XII-XIV-Ixa","Mackerel ICES Northeast Atlantic",1,"MACKNEICES"
"266","FMEG8c9a",172834,"Lepidorhombus boscii","Fourspotted megrim","multinational-ICES-VIIIc-IXa","Fourspotted megrim ICES VIIIc-IXa",1,"MEG8c9a"
"267","MEG8c9a",172835,"Lepidorhombus whiffiagonis","Megrim","multinational-ICES-VIIIc-IXa","Megrim ICES VIIIc-IXa",1,"MEG8c9a"
"268","SARDPVIIIc-IXa",161813,"Sardina pilchardus","European pilchard","multinational-ICES-VIIIc-IXa","European pilchard ICES VIIIc-IXa",1,"SARDVIIIc-IXa"
"269","BWHITNEA",164774,"Micromesistius poutassou","Blue whiting","multinational-ICES-I-II-III-IV-V-VI-VII-VIII-IX-XII-XIV","Whiting Northeast Atlantic",0,"NA"
"270","ARGHAKESARG",164800,"Merluccius hubbsi","Argentine hake","Argentina-CFP-ARG-S","Argentine hake Southern Argentina",0,"NA"
"271","ARGHAKENARG",164800,"Merluccius hubbsi","Argentine hake","Argentina-CFP-ARG-N","Argentine hake Northern Argentina",0,"NA"
"272","ARGANCHONARG",551338,"Engraulis anchoita","Argentine anchoita","Argentina-CFP-ARG-N","Argentine anchoita Northern Argentina",0,"NA"
"273","ARGANCHOSARG",551338,"Engraulis anchoita","Argentine anchoita","Argentina-CFP-ARG-S","Argentine anchoita Southern Argentina",0,"NA"
"274","TASGIANTCRABTAS",-999,"Pseudocarcinus gigas","Tasmanian giant crab","Australia-AFMA-TAS","Tasmanian giant crab Tasmania",0,"NA"
"275","RSOLEHSTR",172917,"Lepidopsetta bilineata","Rock sole","Canada-DFO-HS","Rock sole Hecate Strait",0,"NA"
"276","MUTSNAPSATLCGM",168849,"Lutjanus analis","Mutton snapper","USA-NMFS-SATLCGM","Mutton snapper Southern Atlantic coast and Gulf of Mexico",0,"NA"
"277","MENATGM",161734,"Brevoortia patronus","Gulf menhaden","USA-NMFS-GM","Gulf menhaden Gulf of Mexico",1,"MENGULF"
"278","ESOLEHS",172921,"Parophrys vetulus","English sole","Canada-DFO-HS","English sole Hecate Strait",0,"NA"
"279","SBWHITARGS",164775,"Micromesistius australis","Southern blue whiting","Argentina-CFP-ARG-S"," Southern blue whiting Southern Argentina",0,"NA"
"280","ANCHOSA",161831,"Engraulis encrasicolus","Anchovy","South Africa-DETMCM-SA","Anchovy South Africa",1,"SAANCH"
"281","SARDSA",161729,"Sardinops sagax","Sardine","South Africa-DETMCM-SA","Sardine South Africa",1,"SAPILCH"
"282","SSLOBSTERSASC",552965,"Palinurus gilchristi","Southern spiny lobster","South Africa-DETMCM-SASC","Southern spiny lobster South Africa South coast",0,"NA"
"283","CTRACSA",168598,"Trachurus capensis","Cape horse mackerel","South Africa-DETMCM-SASC","Cape horse mackerel South Africa South coast",1,"SAHMACK"
"284","PATGRENADIERSARG",550662,"Macruronus magellanicus","Patagonian grenadier","Argentina-CFP-ARG-S","Patagonian grenadier Southern Argentina",0,"NA"
"285","BSKATCANATL",564139,"Dipturus laevis","Barndoor skate","Canada-DFO-ATL","Barndoor skate Canadian Atlantic Ocean",0,"NA"
"286","POLL4X5YZ",164727,"Pollachius virens","Pollock","Canada-DFO-4X5YZ","Pollock NAFO-4X5YZ",0,"NA"
"287","BTIPSHARGM",160318,"Carcharhinus limbatus","Blacktip shark","USA-NMFS-GM","Blacktip shark Gulf of Mexico",0,NA
"288","WHAKE4VWX5",164732,"Urophycis tenuis","White hake","Canada-DFO-4VWX5","White hake Scotian Shelf, Bay of Fundy and Georges Bank",0,"NA"
"289","PHALNPAC",172932,"Hippoglossus stenolepis","Pacific halibut","multinational-IPHC-NPAC","Pacific halibut North Pacific",1,"PHALCANUS"
"290","SOUTHHAKECR",164797,"Merluccius australis","Southern hake","New Zealand-MFish-CR","Southern hake Chatham Rise",0,NA
"291","SOUTHHAKESA",164797,"Merluccius australis","Southern hake","New Zealand-MFish-SA","Southern hake Sub-Antarctic",0,NA
"292","SBWHITACIR",164775,"Micromesistius australis","Southern blue whiting","New Zealand-MFish-CIR","Southern blue whiting Campbell Island Rise",0,NA
"293","BFOOTABALONEPAU5A",-997,"Haliotis iris","Blackfoot abalone","New Zealand-MFish-PAU5A","Blackfoot abalone New Zealand Area PAU 5A",0,NA
"294","POLLNS-VI-IIIa",164727,"Pollachius virens","Pollock","multinational-ICES-IIIa-IV-VI","Pollock ICES IIIa, VI and North Sea",1,"POLLNS"
"295","BFOOTABALONEPAU5D",-997,"Haliotis iris","Blackfoot abalone","New Zealand-MFish-PAU5D","Blackfoot abalone New Zealand Area PAU 5D",0,NA
"296","ATBTUNAEATL",172421,"Thunnus thynnus","Atlantic bluefin tuna","multinational-ICCAT-EATL","Bluefin tuna Eastern Atlantic",1,"BTUNAEA"
"297","BFOOTABALONEPAU5B",-997,"Haliotis iris","Blackfoot abalone","New Zealand-MFish-PAU5B","Blackfoot abalone New Zealand Area PAU 5B",0,NA
"298","BFOOTABALONEPAU7",-997,"Haliotis iris","Blackfoot abalone","New Zealand-MFish-PAU7","Blackfoot abalone New Zealand Area PAU 7",0,NA
"299","NZSNAPNZ8",169231,"Chrysophrys auratus","New Zealand snapper","New Zealand-MFish-8","New Zealand snapper New Zealand Area 8",0,NA
"300","CRLOBSTERSA12",552953,"Jasus lalandii","South African west coast rock lobster","South Africa-DETMCM-1-2","South African west coast rock lobster South Africa Areas 1-2",0,NA
"301","CRLOBSTERSA34",552953,"Jasus lalandii","South African west coast rock lobster","South Africa-DETMCM-3-4","South African west coast rock lobster South Africa Areas 3-4",0,NA
"302","CRLOBSTERSA56",552953,"Jasus lalandii","South African west coast rock lobster","South Africa-DETMCM-5-6","South African west coast rock lobster South Africa Areas 5-6",0,NA
"303","CRLOBSTERSA7",552953,"Jasus lalandii","South African west coast rock lobster","South Africa-DETMCM-7","South African west coast rock lobster South Africa Area 7",0,NA
"304","CRLOBSTERSA8",552953,"Jasus lalandii","South African west coast rock lobster","South Africa-DETMCM-8","South African west coast rock lobster South Africa Area 8",0,NA
"305","ALBANATL",172419,"Thunnus alalunga","Albacore tuna","multinational-ICCAT-NATL","Albacore tuna North Atlantic",0,"NA"
"306","HERRPRD",551209,"Clupea pallasii","Pacific herring","Canada-DFO-PRD","Pacific herring Prince Rupert District",0,"NA"
"307","DUSROCKGA",644604,"Sebastes variabilis","Dusky rockfish","USA-NMFS-GA","Dusky rockfish Gulf of Alaska",0,NA
"308","TANNERCRABBSAI",98429,"Chionoecetes bairdi","Tanner crab","USA-NMFS-BSAI","Tanner crab Bering Sea and Aleutian Islands",0,NA
"309","RKCRABPI",97935,"Paralithodes camtschaticus","Red king crab","USA-NMFS-PI","Red king crab Pribilof Islands",0,NA
"310","GKINGCRABAIES",660179,"Lithodes aequispinus","Golden king crab","USA-NMFS-AIES","Golden king crab Aleutian Islands Eastern segment",0,NA
"311","GKINGCRABAIWS",660179,"Lithodes aequispinus","Golden king crab","USA-NMFS-AIWS","Golden king crab Aleutian Islands Western segment",0,NA
"312","HAKENRTN",164795,"Merluccius merluccius","Hake","multinational-ICES-IIIa-IV-VI-VII-VIIIabd","Hake Northeast Atlantic North",0,"NA"
"313","PLAICCELT",172902,"Pleuronectes platessa","European Plaice","multinational-ICES-VIIf-g","European Plaice ICES VIIf-g",0,"NA"
"314","GEMFISHNZ",550883,"Rexea solandri","common gemfish","New Zealand-MFish-NZ","common gemfish New Zealand",0,NA
"315","ATBTUNAWATL",172421,"Thunnus thynnus","Atlantic bluefin tuna","multinational-ICCAT-WATL","Bluefin tuna Western Atlantic",1,"BTUNAWA"
"316","SMOOTHOREOWECR",625280,"Pseudocyttus maculatus","Smooth oreo","New Zealand-MFish-WECR","Smooth oreo West end of Chatham Rise",0,NA
"317","RROCKLOBSTERCRA1",660225,"Jasus edwardsii","Red rock lobster","New Zealand-MFish-CRA1","Red rock lobster New Zealand area CRA1",0,NA
"318","RROCKLOBSTERCRA2",660225,"Jasus edwardsii","Red rock lobster","New Zealand-MFish-CRA2","Red rock lobster New Zealand area CRA2",0,NA
"319","RROCKLOBSTERCRA3",660225,"Jasus edwardsii","Red rock lobster","New Zealand-MFish-CRA3","Red rock lobster New Zealand area CRA3",0,NA
"320","RROCKLOBSTERCRA4",660225,"Jasus edwardsii","Red rock lobster","New Zealand-MFish-CRA4","Red rock lobster New Zealand area CRA4",0,NA
"321","RROCKLOBSTERCRA5",660225,"Jasus edwardsii","Red rock lobster","New Zealand-MFish-CRA5","Red rock lobster New Zealand area CRA5",0,NA
"322","RROCKLOBSTERCRA7",660225,"Jasus edwardsii","Red rock lobster","New Zealand-MFish-CRA7","Red rock lobster New Zealand area CRA7",0,NA
"323","RROCKLOBSTERCRA8",660225,"Jasus edwardsii","Red rock lobster","New Zealand-MFish-CRA8","Red rock lobster New Zealand area CRA8",0,NA
"324","BLACKOREOWECR",625296,"Allocyttus niger","Black oreo","New Zealand-MFish-WECR","Black oreo West end of Chatham Rise",0,NA
"325","TREVALLYTRE7",168641,"Pseudocaranx dentex","Trevally","New Zealand-MFish-TRE7","Trevally New Zealand Areas TRE 7",0,NA
"326","PAUAPAU5A",-997,"Haliotis iris","New Zealand abalone species","New Zealand-MFish-PAU5A","New Zealand abalone species New Zealand Area PAU 5A",0,NA
"327","PAUAPAU5B",-997,"Haliotis iris","New Zealand abalone species","New Zealand-MFish-PAU5B","New Zealand abalone species New Zealand Area PAU 5B",0,NA
"328","PAUAPAU5D",-997,"Haliotis iris","New Zealand abalone species","New Zealand-MFish-PAU5D","New Zealand abalone species New Zealand Area PAU 5D",0,NA
"329","PAUAPAU7",-997,"Haliotis iris","New Zealand abalone species","New Zealand-MFish-PAU7","New Zealand abalone species New Zealand Area PAU 7",0,NA
"330","NZLINGLIN3-4",165000,"Genypterus blacodes","Ling","New Zealand-MFish-LIN3-4","New Zealand ling New Zealand Areas LIN 3 and 4",0,NA
"331","NZLINGLIN6b",165000,"Genypterus blacodes","Ling","New Zealand-MFish-LIN6b","New Zealand ling New Zealand Area LIN 6b",0,NA
"332","NZLINGLIN5-6",165000,"Genypterus blacodes","Ling","New Zealand-MFish-LIN5-6","New Zealand ling New Zealand Areas LIN 5 and 6",0,NA
"333","NZLINGLIN72",165000,"Genypterus blacodes","Ling","New Zealand-MFish-LIN72","New Zealand ling New Zealand Area LIN 72",0,NA
"334","NZLINGLIN7WC",165000,"Genypterus blacodes","Ling","New Zealand-MFish-LIN7WC-WCSI","New Zealand ling New Zealand Area LIN 7WC - WCSI",0,NA
"335","MENATLAN",161732,"Brevoortia tyrannus","Atlantic menhaden","USA-NMFS-ATL","Atlantic menhaden Atlantic",1,"MENATLAN"
"336","GEMFISHSE",550883,"Rexea solandri","common gemfish","Australia-AFMA-SE","common gemfish Southeast Australia",0,NA
"337","SILVERFISHSE",172534,"Seriolella punctata","Silverfish","Australia-AFMA-SE","Silverfish Southeast Australia",0,NA
"338","TIGERFLATSE",644187,"Neoplatycephalus richardsoni","Tiger flathead","Australia-AFMA-SE","Tiger flathead Southeast Australia",0,NA
"339","SWHITSE",646043,"Sillago flindersi","School whiting","Australia-AFMA-SE","School whiting Southeast Australia",0,NA
"340","BTSHRIMPNAUST",95625,"Penaeus esculentus","Brown tiger shrimp","Australia-AFMA-NAUST","Northern Australia brown tiger shrimp",0,NA
"341","GTPRAWNNAUST",95625,"Penaeus semisulcatus","Grooved Tiger Prawn","Australia-AFMA-NAUST","Northern Australia grooved Tiger Prawn",0,NA
"342","OROUGHYCASCADE",166139,"Hoplostethus atlanticus","Orange roughy","Australia-AFMA-CASCADE","Orange roughy Cascade Plateau",0,NA
"343","OROUGHYSE",166139,"Hoplostethus atlanticus","Orange roughy","Australia-AFMA-SE","Orange roughy Southeast Australia",0,NA
"344","DEEPFLATHEADSE",644351,"Platycephalus conatus","Deepwater flathead","Australia-AFMA-SE","Deepwater flathead Southeast Australia",0,NA
"345","BIGHTREDSE",622143,"Centroberyx gerrardi","Bight redfish","Australia-AFMA-SE","Bight redfish Southeast Australia",0,NA
"346","MORWONGSE",170262,"Nemadactylus macropterus","Jackass morwong","Australia-AFMA-SE","Jackass morwong Southeast Australia",0,NA
"347","SWORDNATL",172482,"Xiphias gladius","Swordfish","multinational-ICCAT-NATL","Swordfish North Atlantic",1,"SWORDNA"
"348","MONKGOMNGB",164499,"Lophius americanus","Monkfish","USA-NMFS-GOMNGB","Monkfish Gulf of Maine / Northern Georges Bank",0,NA
"349","SWORDSATL",172482,"Xiphias gladius","Swordfish","multinational-ICCAT-SATL","Swordfish South Atlantic",1,"SWORDSA"
"350","OROUGHYNZMEC",166139,"Hoplostethus atlanticus","Orange roughy","New Zealand-MFish-NZMEC","Orange roughy New Zealand Mid East Coast",0,NA
"351","BIGEYEIO",172428,"Thunnus obesus","Bigeye tuna","multinational-IOTC-IO","Bigeye tuna Indian Ocean",0,NA
"352","MONKSGBMATL",164499,"Lophius americanus","Monkfish","USA-NMFS-SGBMATL","Monkfish Southern Georges Bank / Mid-Atlantic",0,NA
"353","DEEPCHAKESA",164796,"Merluccius paradoxus","Deep-water cape hake","South Africa-DETMCM-SA","Deep-water cape hake South Africa",0,NA
"354","ATLCROAKMATLC",169283,"Micropogonias undulatus","Atlantic croaker","USA-NMFS-MATLC","Atlantic croaker Mid-Atlantic Coast",0,NA
"355","CALSCORPSCAL",166827,"Scorpaena guttata","California scorpionfish","USA-NMFS-SCAL","California scorpionfish Southern California",0,NA
"356","CMACKNPAC",172412,"Scomber japonicus","Pacific chub mackerel","USA-NMFS-NPAC","Pacific chub mackerel North Pacific",0,NA
"357","HERRPWS",551209,"Clupea pallasii","Pacific herring","USA-US State-PWS","Pacific herring Prince William Sound",0,NA
"358","HERRSITKA",551209,"Clupea pallasii","Pacific herring","USA-US State-SITKA","Pacific herring Sitka",0,NA
"359","SARDNPAC",161729,"Sardinops sagax","Pacific sardine","USA-NMFS-NPAC","Pacific sardine North Pacific",0,NA
"360","PTOOTHFISHPEI",642807,"Dissostichus eleginoides","Patagonian toothfish","South Africa-DETMCM-PEI","Patagonian toothfish South Africa Subantarctic Prince Edward Islands",0,NA
"361","SHAKESGBMATL",164791,"Merluccius bilinearis","Silver Hake","USA-NMFS-SGBMATL","Silver hake Southern Georges Bank / Mid-Atlantic",1,"SHAKEMAB"
"362","KINGKLIPSA",165001,"Genypterus capensis","Kingklip","South Africa-DETMCM-SA","Kingklip South Africa",0,NA
"363","CHAKESA",164798,"Merluccius capensis","Shallow-water cape hake","South Africa-DETMCM-SA","Shallow-water cape hake South Africa",0,NA
"364","SKJEATL",172401,"Katsuwonus pelamis","Skipjack tuna","multinational-ICCAT-EATL","Skipjack tuna Eastern Atlantic",0,NA
"365","SKJWATL",172401,"Katsuwonus pelamis","Skipjack tuna","multinational-ICCAT-WATL","Skipjack tuna Western Atlantic",0,NA
"366","DSOLEPCOAST",172887,"Microstomus pacificus","Dover sole","USA-NMFS-PCOAST","Dover sole Pacific Coast",0,NA
"367","CHTRACCH",168597,"Trachurus murphyi","Chilean jack mackerel","multinational-SPRFMO-CH","Chilean jack mackerel Chilean EEZ and offshore",0,NA
"368","YTSNAPSATLC",168907,"Ocyurus chrysurus","Yellowtail snapper","USA-NMFS-SATLC","Yellowtail snapper Southern Atlantic Coast",0,NA
"369","PANDALGOM",96967,"Pandalus borealis","Northern shrimp","USA-NMFS-5Y","Northern shrimp Gulf of Maine",0,NA
"370","YTROCKNPCOAST",166720,"Sebastes flavidus","Yellowtail rockfish","USA-NMFS-NPCOAST","Yellowtail rockfish Northern Pacific Coast",0,NA
"371","SCALLMATLC",79718,"Placopecten magellanicus","Sea scallop","USA-NMFS-MATLC","Sea scallop Mid-Atlantic Coast",0,NA
"372","SCALLGB",79718,"Placopecten magellanicus","Sea scallop","USA-NMFS-5Z","Sea scallop Georges Bank",0,NA
"373","LINGCODNPCOAST",167116,"Ophiodon elongatus","Lingcod","USA-NMFS-NPCOAST","Lingcod Northern Pacific Coast",0,NA
"374","LINGCODSPCOAST",167116,"Ophiodon elongatus","Lingcod","USA-NMFS-SPCOAST","Lingcod Southern Pacific Coast",0,NA
"375","BGROCKPCOAST",166728,"Sebastes melanostomus","Blackgill rockfish","USA-NMFS-PCOAST","Blackgill rockfish  Pacific Coast",0,NA
"376","GOPHERSPCOAST",166767,"Sebastes carnatus","Gopher rockfish","USA-NMFS-SPCOAST","Gopher rockfish Southern Pacific Coast",0,NA
"377","PSOLESPCOAST",172868,"Eopsetta jordani","Petrale sole","USA-NMFS-SPCOAST","Petrale sole Southern Pacific Coast",0,NA
"378","PSOLENPCOAST",172868,"Eopsetta jordani","Petrale sole","USA-NMFS-NPCOAST","Petrale sole Northern Pacific Coast",0,NA
"379","STFLOUNSPCOAST",172893,"Platichthys stellatus","Starry flounder","USA-NMFS-SPCOAST","Starry flounder Southern Pacific Coast",0,NA
"380","STFLOUNNPCOAST",172893,"Platichthys stellatus","Starry flounder","USA-NMFS-NPCOAST","Starry flounder Northern Pacific Coast",0,NA
"381","SSTHORNHPCOAST",166783,"Sebastolobus alascanus","Shortspine thornyhead","USA-NMFS-PCOAST","Shortspine thornyhead Pacific Coast",0,NA
"382","LSTHORNHPCOAST",166784,"Sebastolobus altivelis","Longspine thornyhead","USA-NMFS-PCOAST","Longspine thornyhead Pacific Coast",0,NA
"383","WPOLLNSO",164722,"Theragra chalcogramma","Walleye pollock","Russia-RFFA-NSO","Walleye pollock Northern Sea of Okhotsk",0,NA
"384","WPOLLWBS",164722,"Theragra chalcogramma","Walleye pollock","Russia-RFFA-WBS","Walleye pollock Western Bering Sea",0,NA
"385","LOBSTERGB",97314,"Homarus americanus","American lobster","USA-NMFS-5Z","American lobster Georges Bank",0,NA
"386","LOBSTERGOM",97314,"Homarus americanus","American lobster","USA-NMFS-5Y","American lobster Gulf of Maine",0,NA
"387","LOBSTERSNE",97314,"Homarus americanus","American lobster","USA-NMFS-SNE","American lobster Southern New England",0,NA
"388","SAABALONESA",-995,"Haliotis midae","South African abalone","South Africa-DETMCM-SA","South African abalone South Africa",0,NA
"389","SNOWCRABSGSL",98428,"Chionoecetes opilio","Snow crab","Canada-DFO-4T","Snow crab Southern Gulf of St. Lawrence",0,NA
"390","BSKAT5YZSNE",564139,"Dipturus laevis","Barndoor skate","USA-NMFS-5YZSNE","Barndoor skate Gulf of Marine / Georges Bank-Southern New England",0,NA
"391","CSKATMATLC",160855,"Raja eglanteria","Clearnose skate","USA-NMFS-MATLC","Clearnose skate Mid-Atlantic Coast",0,NA
"392","LSKAT5YCHATT",564130,"Leucoraja erinacea","Little skate","USA-NMFS-5YCHATT","Little skate Gulf of Maine / Cape Hatteras",0,NA
"393","RSKATMATLC",564136,"Leucoraja garmani","Rosette skate","USA-NMFS-MATLC","Rosette skate Mid-Atlantic Coast",0,NA
"394","SSKAT5YZSNE",564151,"Malacoraja senta","Smooth skate","USA-NMFS-5YZSNE","Smooth skate Gulf of Marine / Georges Bank-Southern New England",0,NA
"395","TSKAT5YZSNE",564149,"Amblyraja radiata","Thorny skate","USA-NMFS-5YZSNE","Thorny skate Gulf of Marine / Georges Bank-Southern New England",0,NA
"396","WSKAT5YCHATT",564145,"Leucoraja ocellata","Winter skate","USA-NMFS-5YCHATT","Winter skate Gulf of Maine / Cape Hatteras",0,NA
"397","AUSSALMONNZ",168827,"Arripis trutta","Australian salmon","New Zealand-MFish-NZ","Australian salmon New Zealand",0,NA
"398","RGROUPGM",167702,"Epinephelus morio","Red grouper","USA-NMFS-GM","Red grouper Gulf of Mexico",0,NA
"399","NZLINGESE",165000,"Genypterus blacodes","Ling","Australia-AFMA-SE","New Zealand ling Eastern half of Southeast Australia",0,NA
"400","NZLINGWSE",165000,"Genypterus blacodes","Ling","Australia-AFMA-WSE","New Zealand ling Western half of Southeast Australia",0,NA
"401","WAREHOUESE",172531,"Seriolella brama","Blue Warehou","Australia-AFMA-ESE","Blue Warehou Eastern half of Southeast Australia",0,NA
"402","WAREHOUWSE",172531,"Seriolella brama","Blue Warehou","Australia-AFMA-WSE","Blue Warehou Western half of Southeast Australia",0,NA
"403","YTSNAPSATLCGM",168907,"Ocyurus chrysurus","Yellowtail snapper","USA-NMFS-SATLCGM","Yellowtail snapper Southern Atlantic Coast and Gulf of Mexico",0,NA
"404","KELPGREENLINGORECOAST",167110,"Hexagrammos decagrammus","Kelp greenling","USA-NMFS-ORECOAST","Kelp greenling Oregon Coast",0,NA
"405","CABEZNCAL",692068,"Scorpaenichthys marmoratus","Cabezon","USA-NMFS-NCAL","Cabezon Northern California",0,NA
"406","CABEZSCAL",692068,"Scorpaenichthys marmoratus","Cabezon","USA-NMFS-SCAL","Cabezon Southern California",0,NA
"407","ATOOTHFISHRS",642808,"Dissostichus mawsoni","Antarctic toothfish","multinational-CCAMLR-RS","Antarctic toothfish Ross Sea",0,NA
"408","SMOOTHOREOCR",625280,"Pseudocyttus maculatus","Smooth oreo","New Zealand-MFish-CR","Smooth oreo Chatham Rise",0,NA
"409","SFMAKONWPAC",159924,"Isurus oxyrinchus","Shortfin mako","multinational-UNKNOWN-NWPAC","Shortfin mako Nothwest Pacific Ocean",0,NA
"410","WEAKFISHATLC",169241,"Cynoscion regalis","Weakfish","USA-NMFS-ATLC","Weakfish Atlantic Coast",0,NA
"411","RKCRABNS",97935,"Paralithodes camtschaticus","Red king crab","USA-NMFS-NS","Red king crab Norton Sound",0,NA
"412","HERR31",161722,"Clupea harengus","Herring","multinational-ICES-31","Herring ICES 31",0,"NA"
"413","PANCHPERUNC",551340,"Engraulis ringens","Peruvian anchoveta","Peru-IMARPE-NC","Peruvian anchoveta North-Central Peru",1,"PANCHNCS"
"414","SBT",172431,"Thunnus maccoyii","Southern bluefin tuna","multinational-CCSBT-SO","Southern bluefin tuna Southern Oceans",0,"NULL"
"415","STMARLINSWPO",768127,"Kajikia audax","Striped marlin","multinational-SPC-WPO","Striped marlin Southwestern Pacific Ocean",0,"NULL"
"416","SABLEFPCAN",167123,"Anoplopoma fimbria","Sablefish","Canada-DFO-PCOAST","Sablefish Pacific Coast of Canada",1,"SABLEFPCAN"
"417","CUSK4X",164740,"Brosme brosme","Cusk","Canada-DFO-4X","Cusk NAFO 4X",0,"NULL"
"418","PTOOTHFISHMI",642807,"Dissostichus eleginoides","Patagonian toothfish","Australia-AFMA-MI","Patagonian toothfish Macquarie Island",0,"NULL"
"419","ANCHOVYKILKACS",551220,"Clupeonella engrauliformis","Anchovy kilka","Iran-Iran-CS","Anchovy kilka Caspian Sea",0,"NULL"
"420","REDFISHSPP1",166705,"Sebastes spp","Redfish species","multinational-NAFO-1","Redfish species NAFO 1",0,"NA"
"421","REDFISHSPP23K",166705,"Sebastes spp","Redfish species","Canada-DFO-23K","Redfish species NAFO 23K",0,"NA"
"422","REDFISHSPP3LN",166705,"Sebastes spp","Redfish species","multinational-NAFO-3LN","Redfish species NAFO 3LN",0,"NA"
"423","REDFISHSPP3M",166705,"Sebastes spp","Redfish species","multinational-NAFO-3M","Redfish species NAFO 3M",0,"NA"
"424","REDFISHSPP3Pn4RSTVn",166705,"Sebastes spp","Redfish species","Canada-DFO-3Pn4RSTVn","Redfish species NAFO 3Pn4RSTVn",0,"NA"
